{
  "id": "1980420",
  "name": "iconfont",
  "font_family": "iconfont",
  "css_prefix_text": "icon-",
  "description": "",
  "glyphs": [
    {
      "icon_id": "8777603",
      "name": "show_more",
      "font_class": "icon-test4",
      "unicode": "e65c",
      "unicode_decimal": 58972
    },
    {
      "icon_id": "8776842",
      "name": "search",
      "font_class": "icon-test3",
      "unicode": "e63c",
      "unicode_decimal": 58940
    },
    {
      "icon_id": "8776631",
      "name": "view",
      "font_class": "icon-test",
      "unicode": "e633",
      "unicode_decimal": 58931
    },
    {
      "icon_id": "8776715",
      "name": "time",
      "font_class": "icon-test1",
      "unicode": "e638",
      "unicode_decimal": 58936
    },
    {
      "icon_id": "8777166",
      "name": "email",
      "font_class": "icon-test2",
      "unicode": "e64b",
      "unicode_decimal": 58955
    }
  ]
}
